"","Metabolite","KEGG_ID","Num_Sig_Genes","Gene_Count","Expression_Score","Normalized_Score"
"2","(13E)-11a-Hydroxy-9,15-dioxoprost-13-enoic acid","C04654",1,1,1,1
"3","(24R)-Cholest-5-ene-3-beta,24-diol","None",1,1,1,1
"8","(E)-2-Methylglutaconic acid","None",2,2,1,1
"11","(R)-3-Hydroxybutyric acid","C01089",2,2,1,1
"15","(S)-3-Hydroxybutyric acid","C03197",2,2,1,1
"17","(S)-3-Hydroxyisobutyric acid","C06001",4,4,1,1
"20","(S)-b-aminoisobutyric acid","C03284",1,1,1,1
"22","(S)-Propane-1,2-diol","C02917",1,1,1,1
"25","1-(beta-D-Ribofuranosyl)-1,4-dihydronicotinamide","C15497",1,1,1,1
"26","1-(sn-Glycero-3-phospho)-1D-myo-inositol","C01225",1,1,1,1
"28","1-Methylhistamine","C05127",3,3,1,1
"36","1,2-Dihydroxy-3-keto-5-methylthiopentene","C15606",2,2,1,1
"40","11-cis-Retinaldehyde","C02110",1,1,1,1
"46","11b-PGF2a","C05959",1,1,1,1
"52","13-cis-Retinoic acid","D00348",2,2,1,1
"55","14,15-DiHETrE","C14775",1,1,1,1
"75","2-(3-Carboxy-3-(methylammonio)propyl)-L-histidine","C04692",1,1,1,1
"82","2-Ethoxyethanol","C14687",1,1,1,1
"83","2-Hexaprenyl-3-methyl-5-hydroxy-6-methoxy-1,4-benzoquinone","C05805",2,2,1,1
"86","2-Hydroxy-3-(4-hydroxyphenyl)propenoic acid","C05350",1,1,1,1
"100","2-Oxo-3-hydroxy-4-phosphobutanoic acid","C06054",1,1,1,1
"106","2,3-Butanediol","C00265",1,1,1,1
"109","2,5-Diaminopyrimidine nucleoside triphosphate","C05923",1,1,1,1
"114","20a-Dihydroprogesterone","C04042",1,1,1,1
"120","24-Methylenelophenol","C11522",1,1,1,1
"128","3-beta-Hydroxy-4-beta-methyl-5-alpha-cholest-7-ene-4-alpha-carboxylate","C04840",2,2,1,1
"130","3-Dehydro-L-gulonate","C00618",1,1,1,1
"133","3-Dehydroxycarnitine","C05543",1,1,1,1
"135","3-Hexaprenyl-4-hydroxy-5-methoxybenzoic acid","C05313",1,1,1,1
"138","3-Hydroxy-L-proline","C04397",3,3,1,1
"139","3-Hydroxy-N6,N6,N6-trimethyl-L-lysine","C01259",1,1,1,1
"141","3-Hydroxybutyric acid","C01089",2,2,1,1
"145","3-Hydroxyquinine","C07344",1,1,1,1
"155","3-Methylglutaconyl-CoA","C03231",3,3,1,1
"158","3-Methylthiopropionic acid","C08276",1,1,1,1
"169","3-Sulfinylpyruvic acid","C05527",2,2,1,1
"195","4-Guanidinobutanoic acid","C01035",1,1,1,1
"196","4-Hydroxy-2-oxoglutaric acid","C01127",1,1,1,1
"200","4-Hydroxynonenal","None",1,1,1,1
"206","4-Methylpentanal","C02373",1,1,1,1
"212","4-Pyridoxic acid","C00847",1,1,1,1
"217","4,6-Dideoxy-4-oxo-dTDP-D-glucose","C11907",1,1,1,1
"218","4,6-Dihydroxyquinoline","C05639",2,2,1,1
"223","4a-Methyl-5a-cholesta-8,24-dien-3-one","None",1,1,1,1
"225","4a-Methylzymosterol-4-carboxylic acid","C15808",2,2,1,1
"226","5-amino-1-(5-phospho-D-ribosyl)imidazole-4-carboxylate","C04751",1,1,1,1
"228","5-Amino-6-(5'-phosphoribitylamino)uracil","C04454",1,1,1,1
"229","5-Aminoimidazole ribonucleotide","C03373",2,2,1,1
"233","5-Dehydroepisterol","C15780",2,2,1,1
"244","5-Methylcytosine","C02376",4,4,1,1
"246","5-Methylthioribulose 1-phosphate","C04582",1,1,1,1
"247","5-Phosphoribosylamine","C03090",2,2,1,1
"255","5'-Deoxyadenosine","C05198",1,1,1,1
"258","5a-Cholesta-8,24-dien-3-one","None",2,2,1,1
"260","6-(alpha-D-Glucosaminyl)-1D-myo-inositol","C15658",1,1,1,1
"262","6-Hydroxyhexanoic acid","C06103",2,2,1,1
"263","6-Lactoyltetrahydropterin","C04244",1,1,1,1
"267","7-a,25-Dihydroxycholesterol","C15520",2,2,1,1
"270","7-Dehydrocholesterol","C01164",6,6,1,1
"271","7-Ketocholesterol","None",1,1,1,1
"272","7-Methylguanine","C02242",1,1,1,1
"283","8-Oxo-dGTP","None",2,2,1,1
"286","8Z,11Z,14Z-eicosatrienoyl-CoA","None",2,2,1,1
"299","Adenosine 2',3'-cyclic phosphate","C02353",1,1,1,1
"305","Adenosyl cobyrinic acid a,c diamide","C06506",1,1,1,1
"309","Adipate semialdehyde","C06102",1,1,1,1
"313","Adrenosterone","C05285",2,2,1,1
"316","Agmatine","C00179",3,3,1,1
"319","All-trans-13,14-dihydroretinol","C15492",1,1,1,1
"321","Allocystathionine","C00542",1,1,1,1
"333","Androstanediol","C07632",1,1,1,1
"336","Androstenol","None",1,1,1,1
"342","Apelin-13","None",1,1,1,1
"344","Arecoline","C10129",1,1,1,1
"351","Avenasterol","C08821",2,2,1,1
"370","Biotinyl-5'-AMP","C05921",1,1,1,1
"379","Campest-4-en-3-one","None",1,1,1,1
"380","Canavaninosuccinate","None",2,2,1,1
"403","Chloroacetic acid","C06755",3,3,1,1
"414","Cinnavalininate","C05640",1,1,1,1
"415","cis-Aconitic acid","C00417",1,1,1,1
"416","cis,cis-3,6-Dodecadienoyl-CoA","C05280",1,1,1,1
"437","Cyclohexane","C11249",1,1,1,1
"449","D-Aspartic acid","C00402",1,1,1,1
"450","D-erythro-Eritadenine","None",1,1,1,1
"453","D-Fructose 2,6-bisphosphate","C00665",4,4,1,1
"468","D-Ribose","C00121",1,1,1,1
"474","D-Tartaric acid","C02107",3,3,1,1
"476","D-Xylono-1,5-lactone","C02266",1,1,1,1
"478","D-Xylulose","C00310",1,1,1,1
"495","Deoxyhypusine","None",2,2,1,1
"503","Desmosterol","C01802",1,1,1,1
"512","Diadenosine hexaphosphate","C20190",3,3,1,1
"523","Dihydroneopterin phosphate","C05925",1,1,1,1
"526","Dihydrouracil","C00429",2,2,1,1
"529","Dihydroxyacetone Phosphate Acyl Ester","C03372",1,1,1,1
"534","dIMP","C06196",2,2,1,1
"538","Docosahexaenoic acid","C06429",4,4,1,1
"551","dTDP-D-galactose","C02097",1,1,1,1
"552","dTDP-D-glucose","C00842",2,2,1,1
"556","Ecgonine","C10858",1,1,1,1
"557","Ecgonine methyl ester","C12448",3,3,1,1
"560","Epiandrosterone","C07635",1,1,1,1
"562","Episterol","C15777",1,1,1,1
"604","GDP-4-Dehydro-6-deoxy-D-mannose","C01222",2,2,1,1
"610","Gluconic acid","C00257",1,1,1,1
"632","Glycineamideribotide","C03838",1,1,1,1
"636","Glycyrrhetinic acid","C02283",1,1,1,1
"647","Gulonic acid","C00800",2,2,1,1
"652","Hemin","C06767",1,1,1,1
"655","Heptacarboxylporphyrin I","None",1,1,1,1
"675","Hydroxymethylbilane","C01024",2,2,1,1
"677","Hydroxypropionic acid","C01013",1,1,1,1
"693","Inositol cyclic phosphate","C04299",1,1,1,1
"696","Iodotyrosine","C02515",1,1,1,1
"704","Isovalerylsarcosine","None",1,1,1,1
"711","L-2-Hydroxyglutaric acid","C03196",1,1,1,1
"714","L-Acetylcarnitine","C02571",2,2,1,1
"719","L-Canaline","C08270",1,1,1,1
"726","L-Glutamic acid 5-phosphate","C03287",1,1,1,1
"729","L-Gulonolactone","C01040",1,1,1,1
"736","L-Sorbose","C08356",1,1,1,1
"742","Lactosylcermide (d18:1/20:0)","C01290",1,1,1,1
"744","Lathosterol","C01189",5,5,1,1
"751","Lewis X trisaccharide","None",1,1,1,1
"769","LysoPE(0:0/18:0)","None",1,1,1,1
"774","Mannitol","C00392",1,1,1,1
"776","Melanin","C05606",2,2,1,1
"790","MG(18:0e/0:0/0:0)","None",1,1,1,1
"829","N(6)-(Octanoyl)lysine","None",1,1,1,1
"837","N6,N6,N6-Trimethyl-L-lysine","C03793",2,2,1,1
"845","Neuraminic acid","C06469",1,1,1,1
"856","Obtusifoliol","C01943",1,1,1,1
"858","Octanal","C01545",1,1,1,1
"872","Oxalosuccinic acid","C05379",2,2,1,1
"878","p-Octopamine","C04227",2,2,1,1
"900","PG(16:0/16:0)","None",1,1,1,1
"906","Phosphite","C05339",1,1,1,1
"910","Phosphoglycolic acid","C00988",1,1,1,1
"911","Phosphohydroxypyruvic acid","C03232",2,2,1,1
"912","Phosphoribosyl formamidocarboxamide","C04734",3,3,1,1
"914","Phosphoribosyl-ATP","C02739",2,2,1,1
"929","Pristanal","None",2,2,1,1
"930","Pristanic acid","None",1,1,1,1
"936","Prostaglandin D2","C00696",2,2,1,1
"941","Prostaglandin I2","C01312",3,3,1,1
"953","Pyrimidine","C00396",3,3,1,1
"962","Quinolinic acid","C03722",2,2,1,1
"975","S-(Hydroxymethyl)glutathione","C14180",1,1,1,1
"981","S-Formylglutathione","C01031",2,2,1,1
"983","S-Lactoylglutathione","C03451",3,3,1,1
"984","S-Methylmalonyl-CoA","C00683",4,4,1,1
"985","Saccharopine","C00449",3,3,1,1
"1000","Sialyl-Lewis X","None",2,2,1,1
"1015","Stearidonic acid","C16300",1,1,1,1
"1025","Tartronate semialdehyde","C01146",1,1,1,1
"1038","Tetrahydrodeoxycorticosterone","C13713",2,2,1,1
"1045","Thiamine monophosphate","C01081",1,1,1,1
"1049","Thiocysteine","C01962",1,1,1,1
"1056","Thymine","C00178",1,1,1,1
"1062","trans-3-Decenoyl-CoA","None",1,1,1,1
"1081","Ureidosuccinic acid","C00438",3,3,1,1
"1092","Uroporphyrinogen III","C01051",2,2,1,1
"1103","Zymosterol intermediate 2","C05437",2,2,1,1
"204","4-Hydroxyproline","C01157",10,11,0.909090909090909,0.909090909090909
"833","N4-Acetylaminobutanal","C05936",7,8,0.875,0.875
"238","5-Hydroxyindoleacetic acid","C05635",6,7,0.857142857142857,0.857142857142857
"554","dUMP","C00365",6,7,0.857142857142857,0.857142857142857
"786","Methylmalonic acid","C02170",6,7,0.857142857142857,0.857142857142857
"811","N-Acetyllactosamine","C00611",6,7,0.857142857142857,0.857142857142857
"203","4-Hydroxyphenylpyruvic acid","C01179",5,6,0.833333333333333,0.833333333333333
"213","4-Trimethylammoniobutanal","C01149",5,6,0.833333333333333,0.833333333333333
"407","Cholesteryl acetate","C02530",5,6,0.833333333333333,0.833333333333333
"461","D-Lactic acid","C00256",5,6,0.833333333333333,0.833333333333333
"800","N-Acetyl-D-Glucosamine 6-Phosphate","C00357",5,6,0.833333333333333,0.833333333333333
"101","2-Oxo-4-methylthiobutanoic acid","C01180",4,5,0.8,0.8
"284","8,11,14-Eicosatrienoic acid","C03242",4,5,0.8,0.8
"345","Argininosuccinic acid","C03406",4,5,0.8,0.8
"385","Carbon monoxide","C00237",4,5,0.8,0.8
"421","Clopidogrel","None",4,5,0.8,0.8
"543","Dolichyl b-D-glucosyl phosphate","C01246",4,5,0.8,0.8
"671","Hydrogen selenide","C01528",4,5,0.8,0.8
"752","Linoleoyl-CoA","C02050",4,5,0.8,0.8
"21","(S)-Methylmalonic acid semialdehyde","C06002",11,14,0.785714285714286,0.785714285714286
"686","Indoleacetaldehyde","C00637",7,9,0.777777777777778,0.777777777777778
"41","11-cis-Retinol","C00899",3,4,0.75,0.75
"99","2-Methylpropan-2-ol","None",3,4,0.75,0.75
"282","8-Oxo-dGMP","None",3,4,0.75,0.75
"428","Coproporphyrinogen III","C03263",3,4,0.75,0.75
"609","Glucaric acid","C00818",6,8,0.75,0.75
"624","Glyceraldehyde","C02154",9,12,0.75,0.75
"768","LysoPC(P-18:0)","C04230",3,4,0.75,0.75
"816","N-Acetylputrescine","C02714",3,4,0.75,0.75
"945","Pseudouridine","C02067",9,12,0.75,0.75
"957","Pyrroline hydroxycarboxylic acid","C04281",3,4,0.75,0.75
"968","Retinyl ester","C02075",3,4,0.75,0.75
"997","Sepiapterin","C00835",3,4,0.75,0.75
"1060","trans-1,2-Dihydrobenzene-1,2-diol","C04221",3,4,0.75,0.75
"250","5,10-Methylene-THF","C00143",8,11,0.727272727272727,0.727272727272727
"96","2-Methyl-3-oxopropanoic acid","C00349",5,7,0.714285714285714,0.714285714285714
"111","2'-Deoxyinosine triphosphate","C01345",5,7,0.714285714285714,0.714285714285714
"192","4-Aminobutyraldehyde","C00555",5,7,0.714285714285714,0.714285714285714
"391","CE(18:2(9Z,12Z))","C15441",5,7,0.714285714285714,0.714285714285714
"545","Dolichyl diphosphate","C00621",5,7,0.714285714285714,0.714285714285714
"904","Phenylpyruvic acid","C00166",5,7,0.714285714285714,0.714285714285714
"913","Phosphoribosyl pyrophosphate","C00119",7,10,0.7,0.7
"418","Citric acid","C00158",16,23,0.695652173913043,0.695652173913043
"171","3,4-Dihydroxymandelaldehyde","C05577",9,13,0.692307692307692,0.692307692307692
"178","3a,7a-Dihydroxy-5b-cholestan-26-al","C05445",9,13,0.692307692307692,0.692307692307692
"485","dCTP","C00458",20,29,0.689655172413793,0.689655172413793
"871","Oxalacetic acid","C00036",11,16,0.6875,0.6875
"386","Carbonic acid","C01353",15,22,0.681818181818182,0.681818181818182
"510","dGTP","C00286",21,31,0.67741935483871,0.67741935483871
"39","10-Formyltetrahydrofolate","C00234",6,9,0.666666666666667,0.666666666666667
"42","11-Dehydrocorticosterone","C05490",2,3,0.666666666666667,0.666666666666667
"74","1D-Myo-inositol 3,4-bisphosphate","C04063",2,3,0.666666666666667,0.666666666666667
"121","25-Hydroxycholesterol","C15519",2,3,0.666666666666667,0.666666666666667
"150","3-Methoxy-4-hydroxyphenylglycolaldehyde","C05583",4,6,0.666666666666667,0.666666666666667
"151","3-Methoxytyramine","C05587",2,3,0.666666666666667,0.666666666666667
"168","3-Sulfinoalanine","C00606",4,6,0.666666666666667,0.666666666666667
"214","4,4-Dimethyl-5a-cholesta-8,24-dien-3-b-ol","C05108",2,3,0.666666666666667,0.666666666666667
"219","4,8 Dimethylnonanoyl carnitine","None",2,3,0.666666666666667,0.666666666666667
"234","5-Diphosphoinositol pentakisphosphate","C11526",2,3,0.666666666666667,0.666666666666667
"239","5-Hydroxykynurenamine","C05638",2,3,0.666666666666667,0.666666666666667
"253","5,6-Dihydroxyindole-2-carboxylic acid","C04185",2,3,0.666666666666667,0.666666666666667
"268","7-a,27-Dihydroxycholesterol","C06341",2,3,0.666666666666667,0.666666666666667
"278","7a-Hydroxydehydroepiandrosterone","C18045",2,3,0.666666666666667,0.666666666666667
"292","Acetyl adenylate","C05993",2,3,0.666666666666667,0.666666666666667
"294","Acetylcholine","C01996",2,3,0.666666666666667,0.666666666666667
"303","Adenosine tetraphosphate","C03483",2,3,0.666666666666667,0.666666666666667
"317","AICAR","C04677",2,3,0.666666666666667,0.666666666666667
"327","Aminoacetone","C01888",4,6,0.666666666666667,0.666666666666667
"384","Carbamoyl phosphate","C00169",2,3,0.666666666666667,0.666666666666667
"417","Citicoline","C00307",4,6,0.666666666666667,0.666666666666667
"469","D-Ribose 5-phosphate","C00117",10,15,0.666666666666667,0.666666666666667
"501","Dephospho-CoA","C00882",2,3,0.666666666666667,0.666666666666667
"515","dIDP","C01344",4,6,0.666666666666667,0.666666666666667
"533","Dimethylglycine","C01026",2,3,0.666666666666667,0.666666666666667
"564","Escitalopram","None",2,3,0.666666666666667,0.666666666666667
"566","Ethyl carbamate","C01537",2,3,0.666666666666667,0.666666666666667
"587","Galactaric acid","C00879",2,3,0.666666666666667,0.666666666666667
"589","Galactose 1-phosphate","C00446",2,3,0.666666666666667,0.666666666666667
"607","Geranyl-PP","C00341",2,3,0.666666666666667,0.666666666666667
"705","Itaconic acid","C00490",2,3,0.666666666666667,0.666666666666667
"727","L-Glutamic gamma-semialdehyde","C01165",2,3,0.666666666666667,0.666666666666667
"743","Lanosterin","C01724",2,3,0.666666666666667,0.666666666666667
"782","Methionine sulfoxide","None",2,3,0.666666666666667,0.666666666666667
"803","N-Acetyl-glucosamine 1-phosphate","C04256",2,3,0.666666666666667,0.666666666666667
"882","Palmitaldehyde","C00517",2,3,0.666666666666667,0.666666666666667
"917","Phosphoroselenoic acid","C05172",2,3,0.666666666666667,0.666666666666667
"920","Phytanoyl-CoA","C02060",2,3,0.666666666666667,0.666666666666667
"933","Propinol adenylate","C05983",2,3,0.666666666666667,0.666666666666667
"1036","Tetrahydrocorticosterone","C05476",2,3,0.666666666666667,0.666666666666667
"1070","Triphosphate","C00536",2,3,0.666666666666667,0.666666666666667
"1093","Valdecoxib","None",2,3,0.666666666666667,0.666666666666667
"627","Glycerol","C00116",27,41,0.658536585365854,0.658536585365854
"967","Retinal","C00376",11,17,0.647058823529412,0.647058823529412
"1089","Uridine diphosphategalactose","C00052",11,17,0.647058823529412,0.647058823529412
"629","Glycerophosphocholine","C00670",7,11,0.636363636363636,0.636363636363636
"1055","Thymidine 5'-triphosphate","C00459",26,41,0.634146341463415,0.634146341463415
"405","Cholesterol","C00187",12,19,0.631578947368421,0.631578947368421
"173","3,4-Dihydroxyphenylglycol","C05576",5,8,0.625,0.625
"201","4-Hydroxyphenylacetaldehyde","C03765",5,8,0.625,0.625
"364","Betaine aldehyde","C00576",5,8,0.625,0.625
"457","D-Glucurono-6,3-lactone","C02670",5,8,0.625,0.625
"625","Glyceric acid","C00258",5,8,0.625,0.625
"641","Guanine","C00242",5,8,0.625,0.625
"644","Guanosine diphosphate mannose","C00096",5,8,0.625,0.625
"865","Oleoyl-CoA","C00510",5,8,0.625,0.625
"940","Prostaglandin H2","C00427",5,8,0.625,0.625
"831","N1-Acetylspermine","C02567",18,29,0.620689655172414,0.620689655172414
"491","Deoxyadenosine triphosphate","C00131",21,34,0.617647058823529,0.617647058823529
"318","Aldosterone","C01780",8,13,0.615384615384615,0.615384615384615
"528","Dihydroxyacetone phosphate","C00111",8,13,0.615384615384615,0.615384615384615
"1018","Succinic acid","C00042",22,36,0.611111111111111,0.611111111111111
"550","dTDP","C00363",14,23,0.608695652173913,0.608695652173913
"32","1-Phenylethylamine","C02455",3,5,0.6,0.6
"153","3-Methyl-2-oxovaleric acid","C03465",3,5,0.6,0.6
"290","Acetoacetic acid","C00164",6,10,0.6,0.6
"383","Caprylic acid","C06423",3,5,0.6,0.6
"439","Cysteic acid","C00506",3,5,0.6,0.6
"464","D-Mannose 1-phosphate","C00636",3,5,0.6,0.6
"477","D-Xylose","C00181",3,5,0.6,0.6
"547","Donepezil","None",3,5,0.6,0.6
"630","Glycerylphosphorylethanolamine","C01233",3,5,0.6,0.6
"653","Heparan sulfate","C00925",6,10,0.6,0.6
"734","L-Palmitoylcarnitine","C02990",3,5,0.6,0.6
"784","Methylamine","C00218",3,5,0.6,0.6
"787","Methylmalonyl-CoA","C00683",3,5,0.6,0.6
"813","N-Acetylneuraminic acid","C19910",6,10,0.6,0.6
"954","Pyrocatechol","C00090",3,5,0.6,0.6
"598","Ganglioside GD3 (d18:1/12:0)","C06133",23,39,0.58974358974359,0.58974358974359
"108","2,3-Epoxyaflatoxin B1","C19586",10,17,0.588235294117647,0.588235294117647
"542","Dolichol-20","C00381",10,17,0.588235294117647,0.588235294117647
"738","L-Tyrosine","C00082",10,17,0.588235294117647,0.588235294117647
"1066","Trichloroethylene","C06790",10,17,0.588235294117647,0.588235294117647
"654","Heparin","C00374",17,29,0.586206896551724,0.586206896551724
"718","L-Aspartic acid","C00049",17,29,0.586206896551724,0.586206896551724
"483","dCDP","C00705",7,12,0.583333333333333,0.583333333333333
"706","Keratan","C00573",7,12,0.583333333333333,0.583333333333333
"599","Ganglioside GD3 (d18:1/24:1(15Z))","C06133",22,38,0.578947368421053,0.578947368421053
"388","CDP","C00112",15,26,0.576923076923077,0.576923076923077
"1009","Sphinganine 1-phosphate","C01120",27,47,0.574468085106383,0.574468085106383
"37","1,3-Diaminopropane","C00986",4,7,0.571428571428571,0.571428571428571
"179","3a,7a-Dihydroxy-5b-cholestanate","None",4,7,0.571428571428571,0.571428571428571
"382","Caproic acid","C01585",4,7,0.571428571428571,0.571428571428571
"412","Chondroitin sulfate","C00607",4,7,0.571428571428571,0.571428571428571
"509","dGDP","C00361",8,14,0.571428571428571,0.571428571428571
"694","Inositol phosphate","C01177",4,7,0.571428571428571,0.571428571428571
"764","LysoPC(10:0)","None",4,7,0.571428571428571,0.571428571428571
"781","Methacrylyl-CoA","C03460",4,7,0.571428571428571,0.571428571428571
"792","Molybdopterin","C05924",4,7,0.571428571428571,0.571428571428571
"793","Myo-inositol 1-phosphate","C04006",4,7,0.571428571428571,0.571428571428571
"802","N-Acetyl-D-mannosamine 6-phosphate","C04257",4,7,0.571428571428571,0.571428571428571
"955","Pyroglutamic acid","C01879",4,7,0.571428571428571,0.571428571428571
"1094","Vasopressin","C00840",4,7,0.571428571428571,0.571428571428571
"1100","Xanthylic acid","C00655",8,14,0.571428571428571,0.571428571428571
"597","Ganglioside GD2 (d18:1/12:0)","None",21,37,0.567567567567568,0.567567567567568
"875","Oxoglutaric acid","C00026",34,60,0.566666666666667,0.566666666666667
"1011","Sphingosine 1-phosphate","C06124",26,46,0.565217391304348,0.565217391304348
"621","Glucosylsphingosine","C03108",22,39,0.564102564102564,0.564102564102564
"356","Beta-Alanine","C00099",9,16,0.5625,0.5625
"600","Ganglioside GM1 (18:1/12:0)","C04911",27,48,0.5625,0.5625
"1002","SM(d18:1/18:0)","C00550",27,48,0.5625,0.5625
"163","3-Oxohexanoyl-CoA","C05269",5,9,0.555555555555556,0.555555555555556
"172","3,4-Dihydroxyphenylacetaldehyde","C04043",5,9,0.555555555555556,0.555555555555556
"249","5,10-Methenyltetrahydrofolic acid","C00445",5,9,0.555555555555556,0.555555555555556
"572","Farnesyl pyrophosphate","C00448",5,9,0.555555555555556,0.555555555555556
"843","Naphthalene epoxide","None",10,18,0.555555555555556,0.555555555555556
"1102","Zolpidem","C07219",5,9,0.555555555555556,0.555555555555556
"1008","Sphinganine","C00836",26,47,0.553191489361702,0.553191489361702
"1010","Sphingosine","C00319",26,47,0.553191489361702,0.553191489361702
"684","IDP","C00104",16,29,0.551724137931034,0.551724137931034
"735","L-Serine","C00065",11,20,0.55,0.55
"31","1-Pentanol","C16834",17,31,0.548387096774194,0.548387096774194
"592","Galactosylsphingosine","C01747",23,42,0.547619047619048,0.547619047619048
"819","N-Glycoloylganglioside GM2","C01808",23,42,0.547619047619048,0.547619047619048
"617","Glucosylceramide (d18:1/12:0)","C01190",29,53,0.547169811320755,0.547169811320755
"287","9-cis-Retinal","C16681",6,11,0.545454545454545,0.545454545454545
"500","Deoxyuridine triphosphate","C00460",6,11,0.545454545454545,0.545454545454545
"540","Dodecanoic acid","C02679",6,11,0.545454545454545,0.545454545454545
"553","dUDP","C01346",6,11,0.545454545454545,0.545454545454545
"561","Epinephrine","C00788",6,11,0.545454545454545,0.545454545454545
"602","Ganglioside GM3 (d18:1/12:0)","C04730",24,44,0.545454545454545,0.545454545454545
"612","Glucosamine 6-phosphate","C00352",6,11,0.545454545454545,0.545454545454545
"618","Glucosylceramide (d18:1/16:0)","C01190",30,55,0.545454545454545,0.545454545454545
"628","Glycerol 3-phosphate","C00093",6,11,0.545454545454545,0.545454545454545
"739","Lactosamine","C00203",12,22,0.545454545454545,0.545454545454545
"958","Pyruvaldehyde","C00546",6,11,0.545454545454545,0.545454545454545
"1001","SM(d16:1/24:1(15Z))","None",25,46,0.543478260869565,0.543478260869565
"127","3-Aminopropionaldehyde","C05665",7,13,0.538461538461538,0.538461538461538
"159","3-O-Sulfogalactosylceramide (d18:1/12:0)","C06125",28,52,0.538461538461538,0.538461538461538
"410","Chondroitin","C00401",7,13,0.538461538461538,0.538461538461538
"614","Glucose 1-phosphate","C00103",7,13,0.538461538461538,0.538461538461538
"616","Glucosylceramide","C01190",28,52,0.538461538461538,0.538461538461538
"620","Glucosylceramide (d18:1/24:0)","None",28,52,0.538461538461538,0.538461538461538
"687","Inosine triphosphate","C00081",14,26,0.538461538461538,0.538461538461538
"921","Phytosphingosine","C12144",21,39,0.538461538461538,0.538461538461538
"395","Ceramide (d18:1/16:0)","C00195",36,67,0.537313432835821,0.537313432835821
"824","N-Palmitoylsphingosine","None",29,54,0.537037037037037,0.537037037037037
"132","3-Dehydrosphinganine","C02934",22,41,0.536585365853659,0.536585365853659
"818","N-Glycoloylganglioside GM1","C01808",22,41,0.536585365853659,0.536585365853659
"393","Cer(d18:1/23:0)","None",30,56,0.535714285714286,0.535714285714286
"1043","TG(16:0/16:0/18:0)[iso3]","C00422",15,28,0.535714285714286,0.535714285714286
"248","5-Thymidylic acid","C00364",8,15,0.533333333333333,0.533333333333333
"394","Ceramide (d18:1/12:0)","C00195",32,60,0.533333333333333,0.533333333333333
"470","D-Ribulose 5-phosphate","C00117",8,15,0.533333333333333,0.533333333333333
"601","Ganglioside GM2 (d18:1/12:0)","C04884",26,49,0.530612244897959,0.530612244897959
"1034","Tetrahexosylceramide (d18:1/9Z-18:1)","C03272",26,49,0.530612244897959,0.530612244897959
"586","Galabiosylceramide (d18:1/9Z-18:1)","C06126",27,51,0.529411764705882,0.529411764705882
"763","LPA(18:0e/0:0)","None",9,17,0.529411764705882,0.529411764705882
"593","Gamma-Aminobutyric acid","C00334",19,36,0.527777777777778,0.527777777777778
"619","Glucosylceramide (d18:1/20:0)","C01190",29,55,0.527272727272727,0.527272727272727
"519","Dihydroceramide","C12126",30,57,0.526315789473684,0.526315789473684
"666","Hydrochloric acid","C01327",10,19,0.526315789473684,0.526315789473684
"867","Ornithine","C00077",10,19,0.526315789473684,0.526315789473684
"766","LysoPC(18:1(9Z))","C04230",11,21,0.523809523809524,0.523809523809524
"603","Ganglioside GM3 (d18:1/25:0)","C04730",24,46,0.521739130434783,0.521739130434783
"692","Inositol 1,4,5-trisphosphate","C01245",12,23,0.521739130434783,0.521739130434783
"1033","Tetrahexosylceramide (d18:1/12:0)","C03272",28,54,0.518518518518518,0.518518518518518
"1087","Uridine diphosphate-N-acetylgalactosamine","C00203",14,27,0.518518518518518,0.518518518518518
"741","Lactosylceramide (d18:1/18:0)","C01290",29,56,0.517857142857143,0.517857142857143
"697","Isobutanol","C14710",15,29,0.517241379310345,0.517241379310345
"590","Galactosylceramide (d18:1/16:0)","C02686",31,60,0.516666666666667,0.516666666666667
"160","3-O-Sulfogalactosylceramide (d18:1/24:0)","C06125",32,62,0.516129032258065,0.516129032258065
"396","Ceramide (d18:1/20:0)","C00195",32,62,0.516129032258065,0.516129032258065
"688","Inosinic acid","C00130",16,31,0.516129032258065,0.516129032258065
"934","Propionyl-CoA","C00100",48,93,0.516129032258065,0.516129032258065
"1083","Uridine 5'-diphosphate","C00015",62,121,0.512396694214876,0.512396694214876
"956","Pyrophosphate","C00013",160,314,0.509554140127389,0.509554140127389
"740","Lactosylceramide (d18:1/12:0)","C01290",31,61,0.508196721311475,0.508196721311475
"646","Guanosine triphosphate","C00044",265,528,0.501893939393939,0.501893939393939
"916","Phosphoric acid","C00009",314,627,0.500797448165869,0.500797448165869
"9","(E)-3-(2,3-Dihydroxyphenyl)-2-propenoic acid","C12623",1,2,0.5,0.5
"18","(S)-3-Hydroxyisobutyryl-CoA","C06000",2,4,0.5,0.5
"19","(S)-5-Diphosphomevalonic acid","C01143",1,2,0.5,0.5
"27","1-Butanol","C06142",15,30,0.5,0.5
"30","1-Methylnicotinamide","C02918",1,2,0.5,0.5
"35","1-Pyrroline-5-carboxylic acid","C04322",3,6,0.5,0.5
"38","1,4-beta-D-Glucan","C00760",1,2,0.5,0.5
"43","11,12-EpETrE","None",1,2,0.5,0.5
"44","11b-Hydroxyandrost-4-ene-3,17-dione","C05284",5,10,0.5,0.5
"48","12-Keto-tetrahydro-leukotriene B4","C02165",1,2,0.5,0.5
"60","16a-Hydroxyestrone","C05300",2,4,0.5,0.5
"61","16b-Hydroxyestrone","C05300",3,6,0.5,0.5
"71","1D-Myo-inositol 1,4-bisphosphate","C01220",2,4,0.5,0.5
"81","2-Arachidonylglycerol","C13856",4,8,0.5,0.5
"84","2-Hexaprenyl-3-methyl-6-methoxy-1,4 benzoquinone","C05804",1,2,0.5,0.5
"90","2-Hydroxyphytanoyl-CoA","C07343",1,2,0.5,0.5
"91","2-Keto-glutaramic acid","C00940",1,2,0.5,0.5
"95","2-Methyl-3-hydroxybutyryl-CoA","C04405",3,6,0.5,0.5
"97","2-Methylacetoacetyl-CoA","C03344",4,8,0.5,0.5
"110","2'-Deoxyguanosine 5'-monophosphate","C00362",5,10,0.5,0.5
"115","20alpha-Hydroxycholesterol","C05500",1,2,0.5,0.5
"125","3 beta-Hydroxy-5-cholestenoate","C17333",1,2,0.5,0.5
"137","3-Hydroxy-3-methylglutaryl-CoA","C00356",3,6,0.5,0.5
"142","3-Hydroxybutyryl-CoA","C03561",2,4,0.5,0.5
"152","3-Methyl-1-hydroxybutyl-ThPP","C15974",1,2,0.5,0.5
"166","3-Oxotetradecanoyl-CoA","C05261",4,8,0.5,0.5
"174","3,5-Diiodo-L-tyrosine","C01060",1,2,0.5,0.5
"175","3'-Ketolactose","C05403",1,2,0.5,0.5
"197","4-Hydroxy-L-glutamic acid","C03079",2,4,0.5,0.5
"199","4-Hydroxybutyric acid","C00989",1,2,0.5,0.5
"211","4-Phosphopantothenoylcysteine","C04352",3,6,0.5,0.5
"215","4,4-Dimethylcholesta-8,14,24-trienol","C11455",1,2,0.5,0.5
"216","4,5-Dihydroorotic acid","C00337",1,2,0.5,0.5
"224","4a-Methylfecosterol","C15776",1,2,0.5,0.5
"227","5-Amino-2-oxopentanoic acid","C01110",1,2,0.5,0.5
"251","5,6-Dihydrouridine","None",2,4,0.5,0.5
"259","5a-Pregnane-3,20-dione","C03681",2,4,0.5,0.5
"266","7 alpha-Hydroxy-3-oxo-4-cholestenoate","C17337",1,2,0.5,0.5
"269","7-Aminomethyl-7-carbaguanine","C16675",1,2,0.5,0.5
"277","7a-Hydroxycholesterol","C03594",1,2,0.5,0.5
"279","7a,12a-Dihydroxy-5a-cholestan-3-one","C05458",1,2,0.5,0.5
"296","Acetylphosphate","C00227",1,2,0.5,0.5
"301","Adenosine diphosphate ribose","C00301",3,6,0.5,0.5
"302","Adenosine phosphosulfate","C00224",3,6,0.5,0.5
"315","Aflatoxin B1 dialcohol","None",1,2,0.5,0.5
"322","Allysine","C01475",1,2,0.5,0.5
"332","Anandamide","C11695",2,4,0.5,0.5
"347","Arsenic","C06269",1,2,0.5,0.5
"368","Biocytin","C05552",1,2,0.5,0.5
"371","Bradykinin","C00306",5,10,0.5,0.5
"392","Celecoxib","C07589",2,4,0.5,0.5
"406","Cholesterol sulfate","C18043",1,2,0.5,0.5
"427","Coproporphyrin III","C05770",1,2,0.5,0.5
"431","Cortisol","C00735",3,6,0.5,0.5
"432","Cortisone","C00762",2,4,0.5,0.5
"441","Cytidine","C00475",10,20,0.5,0.5
"443","Cytidine monophosphate N-acetylneuraminic acid","C00128",7,14,0.5,0.5
"446","D-2-Hydroxyglutaric acid","C01087",1,2,0.5,0.5
"454","D-Galactose","C00984",7,14,0.5,0.5
"458","D-Glutamine","C00819",1,2,0.5,0.5
"460","D-Lactaldehyde","C00937",1,2,0.5,0.5
"465","D-Myo-inositol 4-phosphate","C03546",2,4,0.5,0.5
"466","D-Pantothenoyl-L-cysteine","C04079",2,4,0.5,0.5
"480","dADP","C00206",10,20,0.5,0.5
"486","Decanal","C12307",1,2,0.5,0.5
"497","Deoxyribose 1-phosphate","C00672",1,2,0.5,0.5
"525","Dihydropteridine","C05649",1,2,0.5,0.5
"531","Dimethylamine","C00543",2,4,0.5,0.5
"541","Dolichol phosphate","C00110",3,6,0.5,0.5
"555","Dyspropterin","C03684",1,2,0.5,0.5
"559","Entacapone","C07943",1,2,0.5,0.5
"563","Ercalcitriol","None",1,2,0.5,0.5
"565","Ethanolamine","C00189",7,14,0.5,0.5
"571","FADH","C01352",7,14,0.5,0.5
"580","Fructosamine","None",1,2,0.5,0.5
"581","Fructose 1-phosphate","C01094",2,4,0.5,0.5
"588","Galactitol","C01697",1,2,0.5,0.5
"596","Ganglioside GA2 (d18:1/12:0)","C06135",5,10,0.5,0.5
"640","Guanidoacetic acid","C00581",1,2,0.5,0.5
"648","Halofuginone","None",1,2,0.5,0.5
"659","Hexane","C11271",1,2,0.5,0.5
"664","Hyaluronan","None",5,10,0.5,0.5
"668","Hydrogen carbonate","C00288",10,20,0.5,0.5
"670","Hydrogen phosphate","C01293",2,4,0.5,0.5
"682","Hypothiocyanite","None",3,6,0.5,0.5
"689","Inositol 1,3,4-trisphosphate","C01243",2,4,0.5,0.5
"698","Isocitric acid","C00311",3,6,0.5,0.5
"707","Ketoleucine","C00233",2,4,0.5,0.5
"708","Kynurenic acid","C01717",1,2,0.5,0.5
"709","L-2-Amino-3-oxobutanoic acid","C03508",1,2,0.5,0.5
"716","L-Alpha-aminobutyric acid","C02356",1,2,0.5,0.5
"717","L-Asparagine","C00152",6,12,0.5,0.5
"721","L-Cystine","C00491",3,6,0.5,0.5
"732","L-Malic acid","C00149",3,6,0.5,0.5
"765","LysoPC(14:0)","C04230",10,20,0.5,0.5
"772","Malonic semialdehyde","C00222",1,2,0.5,0.5
"789","Mevalonic acid-5P","C01107",1,2,0.5,0.5
"794","Myo-inositol hexakisphosphate","C01204",3,6,0.5,0.5
"801","N-Acetyl-D-glucosaminyldiphosphodolichol","C04500",1,2,0.5,0.5
"805","N-Acetyl-L-aspartic acid","C01042",3,6,0.5,0.5
"807","N-Acetylarylamine","C07565",1,2,0.5,0.5
"814","N-Acetylneuraminic acid 9-phosphate","C06241",1,2,0.5,0.5
"821","N-Methylputrescine","C02723",1,2,0.5,0.5
"822","N-Methylserotonin","C06212",1,2,0.5,0.5
"854","Norspermidine","C03375",10,20,0.5,0.5
"855","O-Phosphoethanolamine","C00346",4,8,0.5,0.5
"864","Oleic acid","C00712",5,10,0.5,0.5
"877","Oxytocin","C00746",3,6,0.5,0.5
"883","Palmitic acid","C00249",37,74,0.5,0.5
"887","Pantetheine 4'-phosphate","C01134",5,10,0.5,0.5
"897","Pelargonic acid","C01601",2,4,0.5,0.5
"901","Phenylacetic acid","C07086",2,4,0.5,0.5
"902","Phenylacetyl-CoA","C00582",1,2,0.5,0.5
"908","Phosphocreatine","C02305",2,4,0.5,0.5
"915","Phosphoribosylformylglycineamidine","C04640",1,2,0.5,0.5
"918","Phosphorylcholine","C00588",6,12,0.5,0.5
"919","Phosphoserine","C01005",1,2,0.5,0.5
"925","Porphobilinogen","C00931",1,2,0.5,0.5
"926","PPPi","C00404",1,2,0.5,0.5
"935","Propyl alcohol","C05979",15,30,0.5,0.5
"939","Prostaglandin G2","C05956",1,2,0.5,0.5
"943","Protoporphyrinogen IX","C01079",1,2,0.5,0.5
"964","R-Methylmalonyl-CoA","C01213",1,2,0.5,0.5
"965","Rabeprazole","C07864",2,4,0.5,0.5
"969","Retinyl palmitate","C02588",1,2,0.5,0.5
"986","SAICAR","C04823",1,2,0.5,0.5
"992","Selenite","C05684",1,2,0.5,0.5
"993","Selenocystathionine","C05699",2,4,0.5,0.5
"995","Selenohomocysteine","C05698",2,4,0.5,0.5
"1006","Spermidine","C00315",14,28,0.5,0.5
"1017","Substance P","None",2,4,0.5,0.5
"1019","Succinic acid semialdehyde","C00232",2,4,0.5,0.5
"1023","Sumatriptan","C07319",5,10,0.5,0.5
"1024","Superoxide","C00704",2,4,0.5,0.5
"1027","Taurochenodesoxycholic acid","C05465",1,2,0.5,0.5
"1039","Tetrahydrofolyl-[Glu](2)","C03541",1,2,0.5,0.5
"1041","TG(10:0/10:0/10:0)[iso]","None",12,24,0.5,0.5
"1047","Thiamine triphosphate","C03028",1,2,0.5,0.5
"1058","Tiglyl-CoA","C03345",3,6,0.5,0.5
"1068","Trihexosylceramide (d18:1/12:0)","C04737",27,54,0.5,0.5
"1072","Tyramine","C00483",5,10,0.5,0.5
"1079","Ureidoisobutyric acid","C05100",1,2,0.5,0.5
"1080","Ureidopropionic acid","C02642",2,4,0.5,0.5
"1082","Uridine","C00299",12,24,0.5,0.5
"1085","Uridine diphosphate glucose","C00029",8,16,0.5,0.5
"1095","Vitamin K1 2,3-epoxide","C05849",1,2,0.5,0.5
"1096","Vitamin K2","C00828",1,2,0.5,0.5
"1098","Xanthosine 5-triphosphate","C00700",1,2,0.5,0.5
"1099","Xanthurenic acid","C02470",2,4,0.5,0.5
"505","DG(14:0/0:0/14:0)","None",50,101,0.495049504950495,0.495049504950495
"838","NAD","C00003",118,239,0.493723849372385,0.493723849372385
"507","DG(16:0/16:0/0:0)","C00165",55,112,0.491071428571429,0.491071428571429
"885","Palmityl-CoA","C00154",45,92,0.489130434782609,0.489130434782609
"436","Cyclic GMP","C00942",22,45,0.488888888888889,0.488888888888889
"658","Heptanoyl-CoA","None",44,90,0.488888888888889,0.488888888888889
"374","Butyryl-CoA","C00136",42,86,0.488372093023256,0.488372093023256
"931","Pristanoyl-CoA","C07297",42,86,0.488372093023256,0.488372093023256
"434","Crotonoyl-CoA","C00877",40,82,0.48780487804878,0.48780487804878
"703","Isopropyl alcohol","C01845",20,41,0.48780487804878,0.48780487804878
"98","2-Methylbutyryl-CoA","C01033",39,80,0.4875,0.4875
"506","DG(14:0/14:0/0:0)","C16667",54,111,0.486486486486487,0.486486486486487
"304","Adenosine triphosphate","C00002",457,945,0.483597883597884,0.483597883597884
"1090","Uridine triphosphate","C00075",29,60,0.483333333333333,0.483333333333333
"189","3Z-dodecenoyl-CoA","C02944",41,85,0.482352941176471,0.482352941176471
"293","Acetyl-CoA","C00024",64,133,0.481203007518797,0.481203007518797
"979","S-Adenosylmethionine","C00019",51,106,0.481132075471698,0.481132075471698
"839","NADH","C00004",97,202,0.48019801980198,0.48019801980198
"508","DG(22:6(4Z,7Z,10Z,13Z,16Z,19Z)/22:6(4Z,7Z,10Z,13Z,16Z,19Z)/0:0)","None",56,117,0.478632478632479,0.478632478632479
"853","Norepinephrine","C00547",11,23,0.478260869565217,0.478260869565217
"4","(2E)-Dodecenoyl-CoA","C03221",41,86,0.476744186046512,0.476744186046512
"558","Eicosanoyl-CoA","C02041",40,84,0.476190476190476,0.476190476190476
"994","Selenocysteine","C05688",10,21,0.476190476190476,0.476190476190476
"570","FAD","C00016",72,152,0.473684210526316,0.473684210526316
"1088","Uridine diphosphate-N-acetylglucosamine","C00043",18,38,0.473684210526316,0.473684210526316
"310","ADP","C00008",338,715,0.472727272727273,0.472727272727273
"5","(2E)-Hexadecenoyl-CoA","C05272",41,87,0.471264367816092,0.471264367816092
"860","Octanoyl-CoA","C01944",40,85,0.470588235294118,0.470588235294118
"1016","Stearoyl-CoA","C00412",40,85,0.470588235294118,0.470588235294118
"1042","TG(14:0/14:0/14:0)","None",16,34,0.470588235294118,0.470588235294118
"725","L-Glutamic acid","C00025",38,81,0.469135802469136,0.469135802469136
"643","Guanosine diphosphate","C00035",101,216,0.467592592592593,0.467592592592593
"1084","Uridine 5'-monophosphate","C00105",13,28,0.464285714285714,0.464285714285714
"373","Butyric acid","C00246",6,13,0.461538461538462,0.461538461538462
"459","D-Glyceraldehyde 3-phosphate","C00661",6,13,0.461538461538462,0.461538461538462
"1044","TG(18:0/18:0/18:0)","C00422",17,37,0.459459459459459,0.459459459459459
"1014","Stearic acid","C01530",28,61,0.459016393442623,0.459016393442623
"444","Cytidine triphosphate","C00063",27,59,0.457627118644068,0.457627118644068
"846","Niacinamide","C00153",16,35,0.457142857142857,0.457142857142857
"959","Pyruvic acid","C00022",26,57,0.456140350877193,0.456140350877193
"639","Guanidine","C17349",5,11,0.454545454545455,0.454545454545455
"665","Hyaluronic acid","C00518",10,22,0.454545454545455,0.454545454545455
"909","Phosphoenolpyruvic acid","C00074",5,11,0.454545454545455,0.454545454545455
"1021","Sulfate","C00059",14,31,0.451612903225806,0.451612903225806
"346","Aripiprazole","C12564",13,29,0.448275862068966,0.448275862068966
"762","LPA(0:0/16:0)","C00416",13,29,0.448275862068966,0.448275862068966
"656","Heptadecanoyl CoA","None",60,134,0.447761194029851,0.447761194029851
"1074","Ubiquinone-1","C00399",21,47,0.446808510638298,0.446808510638298
"16","(S)-3-Hydroxyhexadecanoyl-CoA","C05258",4,9,0.444444444444444,0.444444444444444
"105","2,2,2-Trichloroethanol","C07490",8,18,0.444444444444444,0.444444444444444
"154","3-Methylcrotonyl-CoA","C03069",4,9,0.444444444444444,0.444444444444444
"162","3-Oxodecanoyl-CoA","C05265",4,9,0.444444444444444,0.444444444444444
"165","3-Oxooctanoyl-CoA","C05267",4,9,0.444444444444444,0.444444444444444
"291","Acetoacetyl-CoA","C00332",8,18,0.444444444444444,0.444444444444444
"484","dCMP","C00239",4,9,0.444444444444444,0.444444444444444
"582","Fructose 1,6-bisphosphate","C00354",4,9,0.444444444444444,0.444444444444444
"753","Liothyronine","C02465",4,9,0.444444444444444,0.444444444444444
"812","N-Acetylmannosamine","C00645",4,9,0.444444444444444,0.444444444444444
"903","Phenylethylamine","C05332",4,9,0.444444444444444,0.444444444444444
"951","Pyridoxine","C00314",4,9,0.444444444444444,0.444444444444444
"330","Ammonia","C00014",34,77,0.441558441558442,0.441558441558442
"424","Coenzyme A","C00010",64,145,0.441379310344828,0.441379310344828
"905","Phosphatidylinositol-3,4,5-trisphosphate","C05981",33,75,0.44,0.44
"948","Putrescine","C00134",11,25,0.44,0.44
"583","Fructose 6-phosphate","C00085",7,16,0.4375,0.4375
"631","Glycine","C00037",17,39,0.435897435897436,0.435897435897436
"960","QH2","C00390",20,46,0.434782608695652,0.434782608695652
"645","Guanosine monophosphate","C00144",83,191,0.43455497382199,0.43455497382199
"922","PIP3(16:0/16:0)","C00626",33,76,0.434210526315789,0.434210526315789
"898","Pentadecanoic acid","C16537",23,53,0.433962264150943,0.433962264150943
"796","Myristic acid","C06424",25,58,0.431034482758621,0.431034482758621
"950","Pyridoxal 5'-phosphate","C00018",34,79,0.430379746835443,0.430379746835443
"92","2-Ketobutyric acid","C00109",9,21,0.428571428571429,0.428571428571429
"134","3-Deoxy-D-glycero-D-galacto-2-nonulosonic acid","None",3,7,0.428571428571429,0.428571428571429
"140","3-Hydroxyanthranilic acid","C00632",3,7,0.428571428571429,0.428571428571429
"243","5-Methoxytryptamine","C05659",3,7,0.428571428571429,0.428571428571429
"297","Adenine","C00147",3,7,0.428571428571429,0.428571428571429
"300","Adenosine 3',5'-diphosphate","C00054",15,35,0.428571428571429,0.428571428571429
"409","Choloyl-CoA","C01794",3,7,0.428571428571429,0.428571428571429
"442","Cytidine monophosphate","C00055",15,35,0.428571428571429,0.428571428571429
"451","D-Erythrose 4-phosphate","C00279",3,7,0.428571428571429,0.428571428571429
"452","D-Fructose","C02336",6,14,0.428571428571429,0.428571428571429
"524","Dihydroneopterin triphosphate","C04895",3,7,0.428571428571429,0.428571428571429
"611","Gluconolactone","C00198",3,7,0.428571428571429,0.428571428571429
"850","Nicotinic acid adenine dinucleotide","C00857",3,7,0.428571428571429,0.428571428571429
"924","Poly-N-acetyllactosamine","None",3,7,0.428571428571429,0.428571428571429
"972","Risperidone","C06861",3,7,0.428571428571429,0.428571428571429
"989","Se-Adenosylselenohomocysteine","C05692",3,7,0.428571428571429,0.428571428571429
"996","Selenomethionine","C05335",3,7,0.428571428571429,0.428571428571429
"1007","Spermine","C00750",11,26,0.423076923076923,0.423076923076923
"298","Adenosine","C00212",8,19,0.421052631578947,0.421052631578947
"359","Beta-D-Fructose 6-phosphate","C05345",8,19,0.421052631578947,0.421052631578947
"907","Phosphoadenosine phosphosulfate","C00053",16,38,0.421052631578947,0.421052631578947
"578","Formyl-CoA","C00798",5,12,0.416666666666667,0.416666666666667
"585","Fumaric acid","C00122",5,12,0.416666666666667,0.416666666666667
"808","N-Acetylgalactosamine","C01074",5,12,0.416666666666667,0.416666666666667
"937","Prostaglandin E2","C00584",5,12,0.416666666666667,0.416666666666667
"840","NADP","C00006",77,186,0.413978494623656,0.413978494623656
"944","PS(16:0/16:0)","C02737",15,37,0.405405405405405,0.405405405405405
"7","(3S)-3-Hydroxyadipyl-CoA","C14145",2,5,0.4,0.4
"73","1D-myo-Inositol 3-phosphate","C04006",2,5,0.4,0.4
"148","3-Mercaptopyruvic acid","C00957",4,10,0.4,0.4
"156","3-Methylhistidine","C01152",2,5,0.4,0.4
"181","3a,7a-Dihydroxy-5b-cholestanoyl-CoA","C04644",2,5,0.4,0.4
"191","4-(2-Aminophenyl)-2,4-dioxobutanoic acid","C01252",2,5,0.4,0.4
"288","9-cis-Retinoic acid","C15493",2,5,0.4,0.4
"326","Alpha-Lactose","C00243",2,5,0.4,0.4
"334","Androstanedione","C00674",2,5,0.4,0.4
"358","Beta-D-Fructose 2-phosphate","C03267",2,5,0.4,0.4
"381","Capric acid","C01571",2,5,0.4,0.4
"411","Chondroitin 4-sulfate","C00634",2,5,0.4,0.4
"425","Coenzyme Q10","C11378",4,10,0.4,0.4
"447","D-4'-Phosphopantothenate","C03492",2,5,0.4,0.4
"499","Deoxyuridine","C00526",2,5,0.4,0.4
"527","Dihydroxyacetone","C00184",2,5,0.4,0.4
"530","Dimethylallylpyrophosphate","C00235",2,5,0.4,0.4
"539","Docosanoyl-CoA","None",2,5,0.4,0.4
"591","Galactosylglycerol","C05401",2,5,0.4,0.4
"606","GDP-L-fucose","C00325",4,10,0.4,0.4
"608","Geranylgeranyl-PP","C00353",2,5,0.4,0.4
"657","Heptanoic acid","C17714",2,5,0.4,0.4
"663","Homovanillic acid","C05582",2,5,0.4,0.4
"685","Iduronic acid","C06472",4,10,0.4,0.4
"695","Iodide","C00708",2,5,0.4,0.4
"712","L-3-Hydroxykynurenine","C03227",2,5,0.4,0.4
"770","LysoSM(d18:1)","C03640",4,10,0.4,0.4
"809","N-Acetylgalactosamine 4-sulphate","C16265",2,5,0.4,0.4
"823","N-Methyltyramine","C02442",2,5,0.4,0.4
"991","Se-Methylselenocysteine","C05689",2,5,0.4,0.4
"1032","Tetradecanoyl-CoA","C02593",6,15,0.4,0.4
"435","Cyclic AMP","C00575",61,153,0.398692810457516,0.398692810457516
"767","LysoPC(O-18:0)","C04317",7,18,0.388888888888889,0.388888888888889
"890","PC(16:0/16:0)","C00157",27,70,0.385714285714286,0.385714285714286
"891","PC(18:1(9Z)e/2:0)","C04598",27,70,0.385714285714286,0.385714285714286
"104","2-Phosphoglyceric acid","None",5,13,0.384615384615385,0.384615384615385
"893","PC(O-16:0/18:2(9Z,12Z))","None",25,66,0.378787878787879,0.378787878787879
"34","1-Phosphatidyl-D-myo-inositol","C01194",9,24,0.375,0.375
"360","Beta-D-Galactose","C00962",3,8,0.375,0.375
"494","Deoxyguanosine","C00330",3,8,0.375,0.375
"546","Dolichyl phosphate D-mannose","C03862",3,8,0.375,0.375
"702","Isopentenyl pyrophosphate","C00129",3,8,0.375,0.375
"720","L-Carnitine","C15025",6,16,0.375,0.375
"730","L-Kynurenine","C00328",3,8,0.375,0.375
"756","Lithium","C15473",3,8,0.375,0.375
"847","Nicotinamide riboside","C03150",3,8,0.375,0.375
"990","Se-Adenosylselenomethionine","C05691",3,8,0.375,0.375
"1004","Sorbitol","C00794",3,8,0.375,0.375
"1073","Ubiquinol 8","None",3,8,0.375,0.375
"1097","Xanthosine","C01762",3,8,0.375,0.375
"841","NADPH","C00005",68,182,0.373626373626374,0.373626373626374
"649","Heme","C00032",59,158,0.373417721518987,0.373417721518987
"728","L-Glutamine","C00064",10,27,0.37037037037037,0.37037037037037
"408","Cholic acid","C00695",11,30,0.366666666666667,0.366666666666667
"221","4a-Carboxy-4b-methyl-5a-cholesta-8,24-dien-3b-ol","C15808",4,11,0.363636363636364,0.363636363636364
"325","Alpha-ketoisovaleric acid","C00141",4,11,0.363636363636364,0.363636363636364
"490","Deoxyadenosine monophosphate","C00360",4,11,0.363636363636364,0.363636363636364
"1053","Thymidine","C00214",4,11,0.363636363636364,0.363636363636364
"876","Oxygen","C00007",65,180,0.361111111111111,0.361111111111111
"998","Serotonin","C00780",9,25,0.36,0.36
"892","PC(dm16:0/dm16:0)","None",14,39,0.358974358974359,0.358974358974359
"775","Mannose 6-phosphate","C00275",5,14,0.357142857142857,0.357142857142857
"463","D-Mannose","C00159",17,48,0.354166666666667,0.354166666666667
"350","Atorvastatin","C06834",6,17,0.352941176470588,0.352941176470588
"669","Hydrogen peroxide","C00027",18,51,0.352941176470588,0.352941176470588
"779","Menadione","C05377",8,23,0.347826086956522,0.347826086956522
"343","Arachidonic acid","C00219",34,101,0.336633663366337,0.336633663366337
"6","(3a,5b,7a)-23-Carboxy-7-hydroxy-24-norcholan-3-yl-b-D-Glucopyranosiduronic acid","None",4,12,0.333333333333333,0.333333333333333
"33","1-Phosphatidyl-1D-myo-inositol 3-phosphate","C04549",1,3,0.333333333333333,0.333333333333333
"53","13-HETE","None",1,3,0.333333333333333,0.333333333333333
"87","2-Hydroxybutyric acid","C05984",2,6,0.333333333333333,0.333333333333333
"123","27-Hydroxycholesterol","C06340",1,3,0.333333333333333,0.333333333333333
"131","3-Dehydroquinate","C00944",1,3,0.333333333333333,0.333333333333333
"136","3-Hydroxy-2,6-dimethyl-5-methylene-heptanoyl-CoA","C11947",1,3,0.333333333333333,0.333333333333333
"177","3a,7a-Dihydroxy-5b-cholest-24-enoyl-CoA","C05447",1,3,0.333333333333333,0.333333333333333
"180","3a,7a-Dihydroxy-5b-cholestane","C05452",1,3,0.333333333333333,0.333333333333333
"183","3a,7a,12a-Trihydroxy-5b-24-oxocholestanoyl-CoA","C05467",2,6,0.333333333333333,0.333333333333333
"186","3a,7a,12a-Trihydroxy-5b-cholestanoyl-CoA","C05448",1,3,0.333333333333333,0.333333333333333
"187","3a,7a,12a,24-Tetrahydroxy-5b-cholestanoyl-CoA","C05450",1,3,0.333333333333333,0.333333333333333
"188","3a,7b,12a-Trihydroxyoxocholanyl-Glycine","None",1,3,0.333333333333333,0.333333333333333
"241","5-Hydroxylysine","C16741",1,3,0.333333333333333,0.333333333333333
"256","5'-Methylthioadenosine","C00170",1,3,0.333333333333333,0.333333333333333
"265","6-Phosphonoglucono-D-lactone","C01236",1,3,0.333333333333333,0.333333333333333
"274","7,8-Dihydroneopterin","C04874",2,6,0.333333333333333,0.333333333333333
"276","7a-Hydroxy-cholestene-3-one","C05455",1,3,0.333333333333333,0.333333333333333
"306","Adenosylcobalamin","C00194",1,3,0.333333333333333,0.333333333333333
"307","Adenylsuccinic acid","C03794",1,3,0.333333333333333,0.333333333333333
"311","ADP-ribose 2'-phosphate","C03246",1,3,0.333333333333333,0.333333333333333
"314","Aflatoxin B1","C06800",1,3,0.333333333333333,0.333333333333333
"331","Amylose","C00718",2,6,0.333333333333333,0.333333333333333
"338","Angiotensin II","C02135",3,9,0.333333333333333,0.333333333333333
"348","Aspirin","C01405",3,9,0.333333333333333,0.333333333333333
"352","Azelaic acid","C08261",1,3,0.333333333333333,0.333333333333333
"355","Benzoyl-CoA","C00512",1,3,0.333333333333333,0.333333333333333
"375","Cadaverine","C01672",1,3,0.333333333333333,0.333333333333333
"378","Calcitriol","C01673",1,3,0.333333333333333,0.333333333333333
"387","Carnosine","C00386",2,6,0.333333333333333,0.333333333333333
"398","Chenodeoxycholic acid","C02528",4,12,0.333333333333333,0.333333333333333
"422","Cob(I)alamin","C00853",1,3,0.333333333333333,0.333333333333333
"430","Corticosterone","C02140",3,9,0.333333333333333,0.333333333333333
"472","D-Serine","C00740",1,3,0.333333333333333,0.333333333333333
"473","D-Tagatose 1,6-bisphosphate","C03785",1,3,0.333333333333333,0.333333333333333
"498","Deoxyribose 5-phosphate","C00673",1,3,0.333333333333333,0.333333333333333
"504","Dextrin","C00721",2,6,0.333333333333333,0.333333333333333
"516","Diethylthiophosphate","C06607",1,3,0.333333333333333,0.333333333333333
"574","Fe3+","C14819",2,6,0.333333333333333,0.333333333333333
"575","Ferrocytochrome","C05183",1,3,0.333333333333333,0.333333333333333
"594","Gamma-Glutamylcysteine","C00669",1,3,0.333333333333333,0.333333333333333
"595","Ganglioside GA1 (d18:1/12:0)","C06136",1,3,0.333333333333333,0.333333333333333
"622","Glutaric acid","C00489",1,3,0.333333333333333,0.333333333333333
"637","Glyoxylic acid","C00048",3,9,0.333333333333333,0.333333333333333
"678","Hydroxypyruvic acid","C00168",1,3,0.333333333333333,0.333333333333333
"681","Hypotaurine","C00519",1,3,0.333333333333333,0.333333333333333
"691","Inositol 1,3,4,5,6-pentakisphosphate","C01284",1,3,0.333333333333333,0.333333333333333
"710","L-2-Aminoadipate adenylate","C05560",1,3,0.333333333333333,0.333333333333333
"715","L-Alanine","C00041",7,21,0.333333333333333,0.333333333333333
"723","L-Dopachrome","C01693",1,3,0.333333333333333,0.333333333333333
"745","Leukotriene A4","C00909",1,3,0.333333333333333,0.333333333333333
"757","Lithocholic acid","C03990",4,12,0.333333333333333,0.333333333333333
"830","N1-Acetylspermidine","C00612",1,3,0.333333333333333,0.333333333333333
"835","N6-Acetyl-L-lysine","C02727",1,3,0.333333333333333,0.333333333333333
"852","Nitric oxide","C00533",2,6,0.333333333333333,0.333333333333333
"863","Oleamide","C19670",2,6,0.333333333333333,0.333333333333333
"879","PA(16:0/16:0)","C00416",17,51,0.333333333333333,0.333333333333333
"880","PA(16:0e/18:0)","None",13,39,0.333333333333333,0.333333333333333
"927","Pregnenolone","C01953",3,9,0.333333333333333,0.333333333333333
"938","Prostaglandin F2a","C00639",1,3,0.333333333333333,0.333333333333333
"949","Pyridoxal","C00250",2,6,0.333333333333333,0.333333333333333
"966","Reduced Vitamin K (phylloquinone)","C05850",1,3,0.333333333333333,0.333333333333333
"973","Rosiglitazone","None",1,3,0.333333333333333,0.333333333333333
"974","S-(3-Methylbutanoyl)-dihydrolipoamide-E","C05119",1,3,0.333333333333333,0.333333333333333
"978","S-Adenosylmethioninamine","C01137",1,3,0.333333333333333,0.333333333333333
"1005","Sorbitol-6-phosphate","C00644",1,3,0.333333333333333,0.333333333333333
"1020","Succinyl-CoA","C00091",5,15,0.333333333333333,0.333333333333333
"1028","Taurocholic acid","C05122",8,24,0.333333333333333,0.333333333333333
"1054","Thymidine 3',5'-cyclic monophosphate","C00364",3,9,0.333333333333333,0.333333333333333
"1059","Topaquinone","None",1,3,0.333333333333333,0.333333333333333
"1071","Tryptamine","C00398",2,6,0.333333333333333,0.333333333333333
"1101","Xylulose 5-phosphate","C00231",2,6,0.333333333333333,0.333333333333333
"881","PA(P-16:0e/18:2(9Z,12Z))","C15647",13,40,0.325,0.325
"576","Flavin Mononucleotide","C00061",9,28,0.321428571428571,0.321428571428571
"337","Androsterone","C00523",6,19,0.315789473684211,0.315789473684211
"1046","Thiamine pyrophosphate","C00068",5,16,0.3125,0.3125
"456","D-Glucose","C00031",8,26,0.307692307692308,0.307692307692308
"502","Dermatan","C00426",4,13,0.307692307692308,0.307692307692308
"851","Nicotinic acid mononucleotide","C01185",4,13,0.307692307692308,0.307692307692308
"873","Oxidized glutathione","C00127",4,13,0.307692307692308,0.307692307692308
"167","3-Phosphoglyceric acid","C00597",3,10,0.3,0.3
"433","Creatine","C00300",3,10,0.3,0.3
"615","Glucose 6-phosphate","C00092",6,20,0.3,0.3
"626","Glyceric acid 1,3-biphosphate","C00236",3,10,0.3,0.3
"679","Hyodeoxycholic acid","None",3,10,0.3,0.3
"961","Quetiapine","C07397",3,10,0.3,0.3
"1057","Thyroxine","C01829",3,10,0.3,0.3
"1029","Testosterone","C00535",19,64,0.296875,0.296875
"57","15(S)-HETE","C04742",2,7,0.285714285714286,0.285714285714286
"642","Guanosine","C00387",2,7,0.285714285714286,0.285714285714286
"690","Inositol 1,3,4,5-tetraphosphate","C01272",2,7,0.285714285714286,0.285714285714286
"773","Malonyl-CoA","C00083",4,14,0.285714285714286,0.285714285714286
"834","N5-Formyl-THF","C03479",2,7,0.285714285714286,0.285714285714286
"849","Nicotinate D-ribonucleoside","C05841",2,7,0.285714285714286,0.285714285714286
"886","Pantetheine","C00831",2,7,0.285714285714286,0.285714285714286
"888","Pantoprazole","C11806",2,7,0.285714285714286,0.285714285714286
"963","Quinone","C00472",2,7,0.285714285714286,0.285714285714286
"894","PE(O-18:1(1Z)/20:4(5Z,8Z,11Z,14Z))","C00350",11,39,0.282051282051282,0.282051282051282
"1086","Uridine diphosphate glucuronic acid","C00167",7,25,0.28,0.28
"149","3-Methoxy-4-hydroxyphenylglycol glucuronide","C03033",3,11,0.272727272727273,0.272727272727273
"323","Alpha-D-Glucose","C00267",6,22,0.272727272727273,0.272727272727273
"493","Deoxycytidine","C00881",3,11,0.272727272727273,0.272727272727273
"660","Histamine","C00388",3,11,0.272727272727273,0.272727272727273
"760","Loperamide","C07080",3,11,0.272727272727273,0.272727272727273
"848","Nicotinamide ribotide","C00455",3,11,0.272727272727273,0.272727272727273
"1065","Trichloroethanol glucuronide","C14869",3,11,0.272727272727273,0.272727272727273
"361","Beta-D-Glucose","C00221",4,15,0.266666666666667,0.266666666666667
"896","PE(P-16:0e/16:0)","C04756",10,38,0.263157894736842,0.263157894736842
"672","Hydrogen sulfide","C00283",7,27,0.259259259259259,0.259259259259259
"932","Progesterone","C00410",9,35,0.257142857142857,0.257142857142857
"13","(R)-lipoic acid","C00725",2,8,0.25,0.25
"176","3a,7a-Dihydroxy-5b-24-oxocholestanoyl-CoA","C05449",1,4,0.25,0.25
"182","3a,7a-Dihydroxycoprostanic acid","None",3,12,0.25,0.25
"190","4-(2-Amino-3-hydroxyphenyl)-2,4-dioxobutanoic acid","C05645",1,4,0.25,0.25
"193","4-Coumaryl alcohol","C02646",1,4,0.25,0.25
"198","4-Hydroxy-L-proline","C01015",1,4,0.25,0.25
"257","5(S)-Hydroperoxyeicosatetraenoic acid","C05356",2,8,0.25,0.25
"264","6-Phosphogluconic acid","C00345",1,4,0.25,0.25
"281","7a,12a-Dihydroxy-cholestene-3-one","C05457",1,4,0.25,0.25
"295","Acetylcysteine","C06809",1,4,0.25,0.25
"324","Alpha-D-Glucose 1,6-bisphosphate","C01231",1,4,0.25,0.25
"363","Betaine","C00719",1,4,0.25,0.25
"366","Bilirubin diglucuronide","C05787",3,12,0.25,0.25
"367","Biliverdin","C00500",1,4,0.25,0.25
"377","Calcidiol","C01561",1,4,0.25,0.25
"389","CDP-DG(16:0/16:0)","None",1,4,0.25,0.25
"400","Chenodeoxyglycocholoyl-CoA","None",1,4,0.25,0.25
"419","Citrulline","C00327",3,12,0.25,0.25
"440","Cysteinylglycine","C01419",1,4,0.25,0.25
"471","D-Sedoheptulose 7-phosphate","C00281",1,4,0.25,0.25
"487","Dehydroascorbic acid","C00425",1,4,0.25,0.25
"489","Deoxyadenosine","C00559",2,8,0.25,0.25
"521","Dihydrofolic acid","C00415",1,4,0.25,0.25
"522","Dihydrolipoamide","C00579",1,4,0.25,0.25
"633","Glycocholic acid","C01921",1,4,0.25,0.25
"676","Hydroxyphenylacetylglycine","C05596",1,4,0.25,0.25
"724","L-Fucose","C01019",1,4,0.25,0.25
"747","Leukotriene C4","C02166",1,4,0.25,0.25
"758","Lithocholic acid glycine conjugate","C15557",1,4,0.25,0.25
"761","Loratadine","C06818",1,4,0.25,0.25
"798","N-Acetyl-b-D-galactosamine","C05021",1,4,0.25,0.25
"806","N-Acetyl-L-methionine","C02712",1,4,0.25,0.25
"817","N-Acetylserine","None",1,4,0.25,0.25
"942","Protoporphyrin IX","C02191",1,4,0.25,0.25
"952","Pyridoxine 5'-phosphate","C00627",1,4,0.25,0.25
"971","Ribose 1-phosphate","C00620",1,4,0.25,0.25
"1026","Taurine","C00245",2,8,0.25,0.25
"320","All-trans-retinoic acid","C00777",12,49,0.244897959183673,0.244897959183673
"548","Dopamine","C03758",6,25,0.24,0.24
"208","4-Nitrophenol","C00870",3,13,0.230769230769231,0.230769230769231
"569","Etiocholanolone","C04373",3,13,0.230769230769231,0.230769230769231
"68","1b-Hydroxycholic acid","None",2,9,0.222222222222222,0.222222222222222
"362","Beta-D-Glucose 6-phosphate","C01172",2,9,0.222222222222222,0.222222222222222
"673","Hydroxycobalamin","C08230",2,9,0.222222222222222,0.222222222222222
"895","PE(P-16:0e/0:0)","None",6,27,0.222222222222222,0.222222222222222
"1078","Urea","C00086",2,9,0.222222222222222,0.222222222222222
"335","Androstenedione","C00280",9,41,0.219512195121951,0.219512195121951
"93","2-Methoxyestradiol","C05302",3,14,0.214285714285714,0.214285714285714
"94","2-Methoxyestrone","C05299",3,14,0.214285714285714,0.214285714285714
"862","Olanzapine","C07322",3,14,0.214285714285714,0.214285714285714
"254","5,6-Epoxy-8,11,14-eicosatrienoic acid","C14768",5,25,0.2,0.2
"328","Aminoadipic acid","C00956",1,5,0.2,0.2
"399","Chenodeoxyglycocholic acid","C05462",2,10,0.2,0.2
"401","Chitin","C00461",1,5,0.2,0.2
"492","Deoxycholic acid","C04483",2,10,0.2,0.2
"518","Dihydrobiopterin","C02953",2,10,0.2,0.2
"623","Glutaryl-CoA","C00527",1,5,0.2,0.2
"674","Hydroxykynurenine","C02794",1,5,0.2,0.2
"731","L-Lactic acid","C00186",1,5,0.2,0.2
"754","Lipoamide","C00248",1,5,0.2,0.2
"804","N-Acetyl-L-alanine","None",1,5,0.2,0.2
"826","N,N-Dimethylaniline","C02846",1,5,0.2,0.2
"874","Oxoadipic acid","C00322",1,5,0.2,0.2
"988","Sarcosine","C00213",1,5,0.2,0.2
"1012","Squalene","C00751",1,5,0.2,0.2
"340","Aniline","C00292",5,27,0.185185185185185,0.185185185185185
"889","Parathion","C06604",5,27,0.185185185185185,0.185185185185185
"58","15(S)-HPETE","C05966",6,33,0.181818181818182,0.181818181818182
"185","3a,7a,12a-Trihydroxy-5b-cholestanoic acid","C04722",2,11,0.181818181818182,0.181818181818182
"63","17a-Hydroxypregnenolone","C05138",1,6,0.166666666666667,0.166666666666667
"66","19-Hydroxyandrost-4-ene-3,17-dione","C05290",4,24,0.166666666666667,0.166666666666667
"222","4a-Hydroxytetrahydrobiopterin","C15522",1,6,0.166666666666667,0.166666666666667
"429","Cortexolone","C05488",1,6,0.166666666666667,0.166666666666667
"481","Danazol","C06938",1,6,0.166666666666667,0.166666666666667
"795","Myoinositol","C00137",1,6,0.166666666666667,0.166666666666667
"999","Sertraline","C07246",1,6,0.166666666666667,0.166666666666667
"1067","Tridecanoyl-CoA","None",1,6,0.166666666666667,0.166666666666667
"1077","Uracil","C00106",1,6,0.166666666666667,0.166666666666667
"67","19-Oxotestosterone","C05295",4,25,0.16,0.16
"365","Bilirubin","C00486",3,19,0.157894736842105,0.157894736842105
"1035","Tetrahydrobiopterin","C00272",2,13,0.153846153846154,0.153846153846154
"103","2-Phospho-D-glyceric acid","C00631",1,7,0.142857142857143,0.142857142857143
"220","4a-Carbinolamine tetrahydrobiopterin","C00268",1,7,0.142857142857143,0.142857142857143
"746","Leukotriene B4","C02165",1,7,0.142857142857143,0.142857142857143
"987","Sapropterin","C00272",1,7,0.142857142857143,0.142857142857143
"777","Melatonin","C01598",2,15,0.133333333333333,0.133333333333333
"62","17-Hydroxyprogesterone","C01176",1,8,0.125,0.125
"488","Dehydroepiandrosterone","C01227",1,9,0.111111111111111,0.111111111111111
"722","L-Dopa","C00355",1,13,0.0769230769230769,0.0769230769230769
"1","(+)-(1R,2R)-1,2-Diphenylethane-1,2-diol","C16015",0,1,0,0
"10","(N-acetylneuraminosyl(a2-6)lactosamine)","C04886",0,2,0,0
"12","(R)-b-aminoisobutyric acid","C01205",0,1,0,0
"14","(S)-2,3-Epoxysqualene","C01054",0,1,0,0
"23","(S)-Succinyldihydrolipoamide","C01169",0,2,0,0
"24","(S)-Ureidoglycolic acid","C00603",0,1,0,0
"29","1-Methylhistidine","C01152",0,2,0,0
"45","11b-Hydroxyprogesterone","C05498",0,5,0,0
"47","11b,17a,21-Trihydroxypreg-nenolone","C05489",0,4,0,0
"49","12(R)-HPETE","C14812",0,1,0,0
"50","12(S)-HPETE","C05965",0,1,0,0
"51","12(S)-Leukotriene B4","C04853",0,1,0,0
"54","13-L-Hydroperoxylinoleic acid","C04717",0,2,0,0
"56","15-Keto-prostaglandin F2a","C05960",0,1,0,0
"59","16a-Hydroxydehydroisoandrosterone","C05139",0,2,0,0
"64","17a,21-Dihydroxypreg-nenolone","C05487",0,6,0,0
"65","18-Hydroxycorticosterone","C01124",0,2,0,0
"69","1D-Myo-inositol 1,3-bisphosphate","C04062",0,2,0,0
"70","1D-Myo-inositol 1,3,4,6-tetrakisphosphate","C04477",0,1,0,0
"72","1D-Myo-inositol 1,4,5,6-tetrakisphosphate","C11555",0,1,0,0
"76","2-(a-Hydroxyethyl)thiamine diphosphate","C05125",0,5,0,0
"77","2-Acetolactate","C00900",0,1,0,0
"78","2-Amino-3-carboxymuconic acid semialdehyde","C04409",0,2,0,0
"79","2-Amino-4-oxo-6-(1',2'-dioxoprolyl)-7,8-dihydroxypteridine","C05255",0,1,0,0
"80","2-Aminomuconic acid","C02220",0,1,0,0
"85","2-Hexaprenyl-6-methoxyphenol","C05802",0,1,0,0
"88","2-Hydroxyestradiol","C05301",0,3,0,0
"89","2-Hydroxyphenethylamine","C02735",0,1,0,0
"102","2-Oxoarginine","C03771",0,1,0,0
"107","2,3-Diphosphoglyceric acid","C01159",0,4,0,0
"112","20-Hydroxy-leukotriene B4","C04853",0,4,0,0
"113","20-Hydroxyeicosatetraenoic acid","C14748",0,5,0,0
"116","21-Deoxycortisol","C05497",0,5,0,0
"117","21-Hydroxypregnenolone","C05485",0,4,0,0
"118","24-Hydroxycalcitriol","None",0,1,0,0
"119","24-Hydroxycholesterol","C13550",0,1,0,0
"122","27-Deoxy-5b-cyprinol","C05446",0,1,0,0
"124","3 alpha,7 alpha,24-Trihydroxy-5beta-cholestanoyl-CoA","C05448",0,1,0,0
"126","3-Aminoisobutanoic acid","C05145",0,1,0,0
"129","3-Carboxy-1-hydroxypropylthiamine diphosphate","C05381",0,2,0,0
"143","3-Hydroxymethylglutaric acid","C03761",0,1,0,0
"144","3-hydroxyoctadecanoyl-CoA","C16217",0,3,0,0
"146","3-Indolebutyric acid","C11284",0,1,0,0
"147","3-Mercaptolactate-cysteine disulfide","None",0,1,0,0
"157","3-Methylindole","C08313",0,1,0,0
"161","3-Oxodecanoic acid","None",0,2,0,0
"164","3-Oxooctadecanoyl-CoA","C16216",0,2,0,0
"170","3-trans,5-cis-Octadienoyl-CoA","None",0,1,0,0
"184","3a,7a,12a-Trihydroxy-5b-cholest-24-enoyl-CoA","C05460",0,2,0,0
"194","4-Fumarylacetoacetic acid","C01061",0,2,0,0
"202","4-Hydroxyphenylacetyl-CoA","C05338",0,2,0,0
"205","4-Imidazolone-5-propionic acid","C03680",0,2,0,0
"207","4-Nitrocatechol","C02235",0,1,0,0
"209","4-OH-Retinal","None",0,2,0,0
"210","4-Oxoretinal","None",0,1,0,0
"230","5-Aminolevulinic acid","C00430",0,3,0,0
"231","5-Androstenediol","C04295",0,6,0,0
"232","5-b-Cholestane-3a ,7a ,12a-triol","C05454",0,2,0,0
"235","5-Formiminotetrahydrofolic acid","C00664",0,1,0,0
"236","5-Hydroxy-L-tryptophan","C01017",0,3,0,0
"237","5-Hydroxy-N-formylkynurenine","C05648",0,1,0,0
"240","5-Hydroxykynurenine","C05651",0,2,0,0
"242","5-L-Glutamyl-taurine","C05844",0,3,0,0
"245","5-Methylthioribose 1-phosphate","C04188",0,1,0,0
"252","5,6-Dihydroxyindole","C05578",0,2,0,0
"261","6-(N-Acetyl-alpha-D-glucosaminyl)-1-phosphatidyl-1D-myo-inositol","C01288",0,1,0,0
"273","7-Methyluric acid","C16355",0,1,0,0
"275","7,8-Dihydropteroic acid","C00921",0,1,0,0
"280","7a,12a-Dihydroxy-5b-cholestan-3-one","C05453",0,3,0,0
"285","8(S)-HPETE","C14823",0,1,0,0
"289","9(S)-HPODE","C14827",0,2,0,0
"308","Adenylylselenate","C05686",0,2,0,0
"312","ADP-Ribosyl-L-arginine","None",0,1,0,0
"329","Aminopropylcadaverine","C16565",0,1,0,0
"339","Angiotensin IV","C15849",0,1,0,0
"341","Anserine","C01262",0,1,0,0
"349","Asymmetric dimethylarginine","C03626",0,3,0,0
"353","B-Carotene","C02094",0,1,0,0
"354","Benzaldehyde","C00193",0,1,0,0
"357","Beta-Aminopropionitrile","C05670",0,2,0,0
"369","Biotin amide","C01893",0,1,0,0
"372","Butanal","C01412",0,1,0,0
"376","Caffeic acid","C01481",0,1,0,0
"390","CDP-Ethanolamine","C00570",0,2,0,0
"397","Cetirizine","C07778",0,2,0,0
"402","Chitobiose","C01674",0,3,0,0
"404","Cholestenone","C00599",0,1,0,0
"413","Ciliatine","C03557",0,1,0,0
"420","CL(18:1(11Z)/18:1(11Z)/18:1(11Z)/18:2(9Z,12Z))","None",0,2,0,0
"423","Cob(II)alamin","C00541",0,3,0,0
"426","Coniferyl alcohol","C00590",0,1,0,0
"438","Cysteamine","C01678",0,4,0,0
"445","Cytosine","C00380",0,2,0,0
"448","D-Alanine","C00133",0,1,0,0
"455","D-Glucosaminide","C06023",0,1,0,0
"462","D-Limonene","C00521",0,2,0,0
"467","D-Proline","C00763",0,1,0,0
"475","D-Urobilinogen","C05791",0,1,0,0
"479","D-Xylulose 1-phosphate","None",0,1,0,0
"482","Dantron","C10312",0,1,0,0
"496","Deoxyinosine","C05512",0,1,0,0
"511","DHAP(18:0)","C03805",0,1,0,0
"513","Diadenosine tetraphosphate","C01260",0,1,0,0
"514","Diadenosine triphosphate","C06197",0,1,0,0
"517","Difucosyllactohexaose","None",0,2,0,0
"520","Dihydrocortisol","C05471",0,2,0,0
"532","Dimethylarsinate","C07308",0,1,0,0
"535","Disialosyl galactosyl globoside","None",0,1,0,0
"536","DL-Dopa","C00355",0,3,0,0
"537","Docosa-4,7,10,13,16-pentaenoyl CoA","C16173",0,2,0,0
"544","Dolichyl beta-D-mannosyl phosphate","None",0,1,0,0
"549","Dopaquinone","C00822",0,1,0,0
"567","Ethyl p-anisate","None",0,1,0,0
"568","Ethyl pyruvate","None",0,1,0,0
"573","Farnesylcysteine","C19691",0,1,0,0
"577","Formiminoglutamic acid","C00439",0,2,0,0
"579","Formylanthranilic acid","C05653",0,2,0,0
"584","Fucose 1-phosphate","C02985",0,2,0,0
"605","GDP-glucose","C00394",0,1,0,0
"613","Glucosamine-1P","None",0,1,0,0
"634","Glycolic acid","C00160",0,5,0,0
"635","Glycylproline","None",0,1,0,0
"638","Guaiacol","C01502",0,1,0,0
"650","Heme A","C15670",0,1,0,0
"651","Heme O","C15672",0,2,0,0
"661","Homo-L-arginine","C01924",0,1,0,0
"662","Homogentisic acid","C00544",0,2,0,0
"667","Hydrogen","C00282",0,1,0,0
"680","Hyperforin","C07608",0,5,0,0
"683","Hypusine","None",0,3,0,0
"699","Isohomovanillic acid","None",0,1,0,0
"700","Isomaltose","C00252",0,1,0,0
"701","Isopentanol","C07328",0,1,0,0
"713","L-4-Hydroxyglutamate semialdehyde","C05938",0,2,0,0
"733","L-Octanoylcarnitine","C02838",0,1,0,0
"737","L-Threo-2-pentulose","C00312",0,1,0,0
"748","Leukotriene D4","C05951",0,3,0,0
"749","Leukotriene E4","C05952",0,1,0,0
"750","Leukotriene F4","C06462",0,2,0,0
"755","Lipoyl-GMP","None",0,1,0,0
"759","Lithocholyltaurine","C02592",0,1,0,0
"771","Maleylacetoacetic acid","C01036",0,2,0,0
"778","Melibiitol","C05399",0,2,0,0
"780","Mesoxalic acid","C00830",0,1,0,0
"783","Methyl beta-D-glucopyranoside","None",0,1,0,0
"785","Methylarsonate","C07294",0,3,0,0
"788","Mevalonic acid","C00418",0,2,0,0
"791","Molybdate","C06232",0,1,0,0
"797","N-(o)-Hydroxyarginine","C05933",0,3,0,0
"799","N-Acetyl-b-glucosaminylamine","C01239",0,1,0,0
"810","N-Acetylhistamine","C05135",0,1,0,0
"815","N-Acetylornithine","C00437",0,1,0,0
"820","N-Glycolylneuraminic acid","C03410",0,1,0,0
"825","N-Sulfo-D-glucosamine","C01075",0,1,0,0
"827","N,N'-Diacetylchitobiosyldiphosphodolichol","C04537",0,1,0,0
"828","N'-Formylkynurenine","C02406",0,2,0,0
"832","N1,N12-Diacetylspermine","C03413",0,1,0,0
"836","N6-Methyladenosine","None",0,1,0,0
"842","Nandrolone","C07254",0,1,0,0
"844","Neolactotetraose","None",0,1,0,0
"857","Octadecanol","D01924",0,1,0,0
"859","Octanol","C00756",0,1,0,0
"861","Okadaic acid","C01945",0,1,0,0
"866","OPC4-CoA","C16335",0,3,0,0
"868","Orotic acid","C00295",0,2,0,0
"869","Orotidylic acid","C01103",0,1,0,0
"870","Ortho-Hydroxyphenylacetic acid","C05852",0,1,0,0
"884","Palmitoleic acid","C08362",0,1,0,0
"899","Pentanal","None",0,1,0,0
"923","Pipecolic acid","C00408",0,1,0,0
"928","Presqualene diphosphate","C03428",0,1,0,0
"946","Pterin","C00715",0,1,0,0
"947","Purine","C15587",0,1,0,0
"970","Riboflavin reduced","C01007",0,1,0,0
"976","S-Acetyldihydrolipoamide","C01136",0,2,0,0
"977","S-Acetyldihydrolipoamide-E","C16255",0,6,0,0
"980","S-aminomethyldihydrolipoamide","None",0,1,0,0
"982","S-Glutaryldihydrolipoamide","C06157",0,3,0,0
"1003","Solanesyl-PP","C17438",0,1,0,0
"1013","Stachyose","C01613",0,1,0,0
"1022","Sulfite","C00094",0,3,0,0
"1030","Tetracosahexaenoyl CoA","C16168",0,2,0,0
"1031","Tetracosatetraenoyl CoA","C16171",0,1,0,0
"1037","Tetrahydrocortisone","None",0,1,0,0
"1040","Tetrahydropteridine","C05650",0,2,0,0
"1048","Thiocyanate","C01755",0,2,0,0
"1050","Thiosulfate","C00320",0,3,0,0
"1051","Thromboxane A2","C02198",0,2,0,0
"1052","Thromboxane B2","C05963",0,1,0,0
"1061","Trans-2-all-cis-6,9,12,15,18,21-tetracosaheptaenoyl-CoA","C16374",0,3,0,0
"1063","trans-3-Hexenoyl-CoA","None",0,1,0,0
"1064","Trehalose","C01083",0,1,0,0
"1069","Trimethyl sulfonium","C01008",0,1,0,0
"1075","UDP-D-Xylose","C00190",0,3,0,0
"1076","Undecaprenyl diphosphate","C03543",0,7,0,0
"1091","Urocanic acid","C00785",0,2,0,0
